Experiment,Real time 1 (s),User time 1 (s),Consumption 1 (J),Real time 2 (s),User time 2 (s),Consumption 2 (J),Real time 3 (s),User time 3 (s),Consumption 3 (J),Real time 4 (s),User time 4 (s),Consumption 4 (J),Real time 5 (s),User time 5 (s),Consumption 5 (J),Real time 6 (s),User time 6 (s),Consumption 6 (J),Real time 7 (s),User time 7 (s),Consumption 7 (J),Real time 8 (s),User time 8 (s),Consumption 8 (J),Real time 9 (s),User time 9 (s),Consumption 9 (J),Real time 10 (s),User time 10 (s),Consumption 10 (J),Real time 11 (s),User time 11 (s),Consumption 11 (J),Real time 12 (s),User time 12 (s),Consumption 12 (J),Real time 13 (s),User time 13 (s),Consumption 13 (J),Real time 14 (s),User time 14 (s),Consumption 14 (J),Real time 15 (s),User time 15 (s),Consumption 15 (J),Real time 16 (s),User time 16 (s),Consumption 16 (J),Real time 17 (s),User time 17 (s),Consumption 17 (J),Real time 18 (s),User time 18 (s),Consumption 18 (J),Real time 19 (s),User time 19 (s),Consumption 19 (J),Real time 20 (s),User time 20 (s),Consumption 20 (J),Real time 21 (s),User time 21 (s),Consumption 21 (J),Real time 22 (s),User time 22 (s),Consumption 22 (J),Real time 23 (s),User time 23 (s),Consumption 23 (J),Real time 24 (s),User time 24 (s),Consumption 24 (J),Real time 25 (s),User time 25 (s),Consumption 25 (J),Real time 26 (s),User time 26 (s),Consumption 26 (J),Real time 27 (s),User time 27 (s),Consumption 27 (J),Real time 28 (s),User time 28 (s),Consumption 28 (J),Real time 29 (s),User time 29 (s),Consumption 29 (J),Real time 30 (s),User time 30 (s),Consumption 30 (J),Real time 31 (s),User time 31 (s),Consumption 31 (J),Real time 32 (s),User time 32 (s),Consumption 32 (J),Real time 33 (s),User time 33 (s),Consumption 33 (J),Real time 34 (s),User time 34 (s),Consumption 34 (J),Real time 35 (s),User time 35 (s),Consumption 35 (J),Real time 36 (s),User time 36 (s),Consumption 36 (J),Real time 37 (s),User time 37 (s),Consumption 37 (J),Real time 38 (s),User time 38 (s),Consumption 38 (J),Real time 39 (s),User time 39 (s),Consumption 39 (J),Real time 40 (s),User time 40 (s),Consumption 40 (J),Real time 41 (s),User time 41 (s),Consumption 41 (J),Real time 42 (s),User time 42 (s),Consumption 42 (J),Real time 43 (s),User time 43 (s),Consumption 43 (J),Real time 44 (s),User time 44 (s),Consumption 44 (J),Real time 45 (s),User time 45 (s),Consumption 45 (J),Real time 46 (s),User time 46 (s),Consumption 46 (J),Real time 47 (s),User time 47 (s),Consumption 47 (J),Real time 48 (s),User time 48 (s),Consumption 48 (J),Real time 49 (s),User time 49 (s),Consumption 49 (J),Real time 50 (s),User time 50 (s),Consumption 50 (J),Mean Real time (s),Std Real time (s),Mean User time (s),Std User time (s),Std Consumption (J),Consumption (Mean Real) (J),Consumption (Mean User) (J)
qdd-gfortran-linux-FFTW-OMP-DYN-noStatic-Debug,701.0,8598.0,4180.03,689.0,8498.0,4399.34,709.0,8662.0,4033.29,718.0,8822.0,4306.36,700.0,8584.0,4538.8,708.0,8683.0,4753.43,702.0,8641.0,4587.37,697.0,8551.0,4282.7,699.0,8563.0,4448.56,712.0,8772.0,4335.62,705.0,8645.0,3028.15,701.0,8621.0,3993.95,692.0,8594.0,3078.2,710.0,8673.0,3152.09,688.0,8543.0,3147.17,684.0,8488.0,2949.94,713.0,8743.0,4037.56,702.0,8628.0,3043.57,703.0,8582.0,3140.36,713.0,8701.0,3093.73,704.0,8639.0,2919.83,705.0,8705.0,3975.39,698.0,8581.0,3127.13,705.0,8614.0,2929.95,697.0,8571.0,3967.61,703.0,8613.0,3092.04,708.0,8676.0,3828.34,710.0,8756.0,3039.74,709.0,8641.0,3051.64,692.0,8620.0,3910.04,710.0,8732.0,3106.89,705.0,8711.0,3038.96,706.0,8699.0,3469.13,700.0,8625.0,3118.04,695.0,8613.0,2964.08,695.0,8555.0,2955.48,704.0,8634.0,3025.81,710.0,8730.0,3900.87,705.0,8689.0,3262.41,694.0,8556.0,3163.84,699.0,8631.0,3101.94,693.0,8571.0,3061.31,708.0,8669.0,2967.09,691.0,8522.0,3113.61,699.0,8587.0,3054.39,696.0,8586.0,3916.83,715.0,8732.0,3098.57,697.0,8602.0,3037.77,695.0,8579.0,3658.96,706.0,8621.0,3073.49,702.0,7.53,8633.04,72.06,566.39,40823.97,502044.08
qdd-gfortran-linux-FFTW-OMP-DYN-noStatic-noDebug,366.0,5030.0,4814.67,367.0,5035.0,4777.59,366.0,5027.0,4430.69,364.0,4993.0,4370.95,367.0,5045.0,4829.63,367.0,5051.0,4758.92,363.0,4978.0,3801.19,355.0,4854.0,5236.04,359.0,4930.0,3925.82,367.0,5057.0,4986.32,362.0,4968.0,3501.42,364.0,5000.0,4205.16,372.0,5130.0,3625.08,358.0,4904.0,3375.28,356.0,4880.0,3811.56,376.0,5174.0,3610.61,352.0,4819.0,3617.64,369.0,5065.0,3705.16,374.0,5148.0,3339.2,369.0,5081.0,4424.87,374.0,5148.0,3673.75,361.0,4953.0,3277.2,376.0,5181.0,3398.31,357.0,4880.0,3652.5,370.0,5097.0,3637.33,371.0,5085.0,3266.36,365.0,5020.0,4545.82,363.0,4994.0,3634.39,359.0,4929.0,3736.32,364.0,4999.0,4209.19,375.0,5154.0,3779.28,361.0,4956.0,3422.19,365.0,5007.0,3508.41,363.0,4989.0,4399.45,355.0,4867.0,3817.39,376.0,5171.0,3332.7,356.0,4876.0,3148.01,359.0,4936.0,4447.66,379.0,5239.0,3240.4,356.0,4887.0,4267.43,356.0,4886.0,3344.18,363.0,4988.0,4271.42,364.0,5016.0,3225.28,365.0,5024.0,3373.57,355.0,4854.0,3207.32,355.0,4852.0,4545.95,372.0,5114.0,4351.31,396.0,5482.0,3447.33,362.0,4960.0,3369.93,378.0,5194.0,4463.48,365.28,8.26,5018.14,124.17,560.89,23760.45,326416.06
qdd-gfortran-linux-FFTW-OMP-noStatic-Debug,759.0,10716.0,5260.37,755.0,10721.0,4825.33,789.0,11208.0,4194.92,768.0,10880.0,5293.92,757.0,10720.0,4621.74,758.0,10750.0,4762.27,773.0,11021.0,4845.29,743.0,10538.0,4584.42,778.0,11067.0,4648.89,770.0,10873.0,4850.49,760.0,10764.0,3987.94,773.0,10990.0,4239.84,759.0,10761.0,4213.72,776.0,11015.0,3622.52,755.0,10766.0,4736.24,764.0,10792.0,3763.36,770.0,10973.0,4016.65,772.0,10950.0,4727.82,788.0,11170.0,4679.21,739.0,10558.0,3419.6,764.0,10859.0,4642.4,770.0,10925.0,3545.87,771.0,10932.0,4696.2,766.0,10878.0,4131.6,762.0,10860.0,3621.73,772.0,10906.0,4664.65,779.0,11061.0,3734.94,772.0,10942.0,3741.61,762.0,10799.0,4132.89,758.0,10770.0,4062.54,752.0,10643.0,4076.86,769.0,10862.0,3668.29,773.0,10990.0,4756.96,779.0,11081.0,3751.48,751.0,10628.0,4914.62,752.0,10698.0,3482.06,760.0,10812.0,4626.34,767.0,10841.0,3704.16,756.0,10748.0,3774.66,794.0,11242.0,4748.86,731.0,10415.0,4268.35,750.0,10680.0,4134.27,768.0,10896.0,4227.13,778.0,11040.0,4053.18,764.0,10857.0,3906.58,772.0,10921.0,4329.61,775.0,10987.0,3634.89,746.0,10614.0,4978.94,760.0,10814.0,3937.74,761.0,10829.0,4809.49,764.8,12.37,10855.26,170.16,498.9,54569.36,774535.25
qdd-gfortran-linux-FFTW-OMP-noStatic-noDebug,397.0,6215.0,5026.94,393.0,6154.0,4966.23,417.0,6541.0,5683.15,410.0,6428.0,3987.7,397.0,6220.0,4823.33,420.0,6594.0,5617.68,401.0,6290.0,4293.92,403.0,6310.0,5511.72,413.0,6484.0,4684.58,410.0,6440.0,5442.47,413.0,6469.0,4863.94,386.0,6060.0,3823.21,428.0,6716.0,4203.83,423.0,6628.0,4274.65,407.0,6380.0,4363.1,393.0,6157.0,3737.96,423.0,6637.0,4931.03,400.0,6271.0,3721.71,407.0,6381.0,4062.49,388.0,6088.0,3767.11,381.0,5959.0,4289.61,393.0,6164.0,4357.18,393.0,6165.0,4159.77,398.0,6240.0,4213.7,397.0,6222.0,4016.62,389.0,6087.0,4698.8,430.0,6754.0,3923.18,383.0,5996.0,4648.94,411.0,6456.0,4255.55,401.0,6289.0,4431.55,394.0,6176.0,5073.84,392.0,6143.0,3873.68,394.0,6172.0,5085.9,404.0,6336.0,4365.68,390.0,6116.0,4633.93,394.0,6169.0,4324.13,412.0,6454.0,4516.12,402.0,6303.0,3681.8,423.0,6639.0,4204.39,430.0,6755.0,5261.77,416.0,6524.0,4186.38,401.0,6291.0,4324.42,391.0,6118.0,4456.56,419.0,6572.0,4123.58,412.0,6462.0,4667.89,397.0,6217.0,4183.45,408.0,6403.0,4710.26,408.0,6399.0,3916.78,415.0,6509.0,4862.23,404.0,6326.0,4244.58,404.22,12.56,6337.58,200.97,509.26,30111.56,472105.39
qdd-gfortran-linux-FFTW-noOMP-noStatic-Debug,2660.0,2656.0,4066.17,2640.0,2638.0,4447.97,2659.0,2656.0,4429.61,2662.0,2659.0,4365.88,2652.0,2649.0,4436.2,2655.0,2652.0,4015.6,2649.0,2645.0,4334.88,2654.0,2651.0,4140.46,2650.0,2647.0,4316.96,2665.0,2661.0,4562.13,2612.0,2609.0,3578.11,2715.0,2712.0,3602.84,2744.0,2741.0,2802.47,2638.0,2635.0,3567.8,2764.0,2761.0,3607.58,2716.0,2713.0,2797.71,2682.0,2680.0,3583.43,2771.0,2767.0,3617.69,2634.0,2631.0,3611.04,2761.0,2758.0,3611.85,2740.0,2736.0,3612.77,2651.0,2648.0,3616.84,2767.0,2763.0,3567.64,2705.0,2701.0,3608.4,2690.0,2687.0,3618.84,2828.0,2824.0,3619.69,2633.0,2630.0,3627.69,2605.0,2602.0,3605.59,2617.0,2614.0,3622.85,2614.0,2612.0,3620.84,2618.0,2614.0,2749.17,2719.0,2716.0,2749.95,2790.0,2785.0,2751.69,2646.0,2643.0,2753.02,2777.0,2774.0,2753.18,2672.0,2668.0,3568.72,2701.0,2698.0,2797.31,2766.0,2761.0,2752.0,2655.0,2652.0,2751.21,2752.0,2748.0,2749.58,2723.0,2720.0,2748.5,2646.0,2643.0,2746.94,2765.0,2760.0,2748.59,2668.0,2664.0,2748.99,2709.0,2706.0,2748.37,2769.0,2766.0,2749.34,2620.0,2617.0,2750.03,2625.0,2621.0,2751.1,2616.0,2612.0,2752.3,2622.0,2619.0,2753.46,2685.84,58.56,2682.5,58.29,607.27,151741.88,151553.18
qdd-gfortran-linux-FFTW-noOMP-noStatic-noDebug,1478.0,1475.0,4212.2,1445.0,1442.0,4370.67,1432.0,1429.0,4318.35,1423.0,1420.0,4179.97,1440.0,1437.0,4182.65,1429.0,1426.0,4023.24,1438.0,1435.0,4397.4,1432.0,1430.0,4430.69,1445.0,1442.0,4376.28,1424.0,1422.0,4367.64,1405.0,1402.0,3655.52,1423.0,1420.0,3613.05,1410.0,1407.0,3629.82,1402.0,1399.0,3632.93,1405.0,1402.0,3610.37,1403.0,1401.0,3632.24,1413.0,1411.0,2761.06,1413.0,1410.0,3620.28,1411.0,1408.0,3623.78,1402.0,1400.0,2794.15,1408.0,1405.0,3614.03,1410.0,1407.0,3614.56,1404.0,1401.0,3593.03,1412.0,1409.0,3639.78,1403.0,1400.0,3627.85,1407.0,1404.0,3621.0,1409.0,1407.0,3584.03,1402.0,1399.0,3614.15,1407.0,1404.0,3577.7,1409.0,1407.0,3617.22,1411.0,1408.0,2753.19,1402.0,1398.0,2753.47,1416.0,1413.0,2753.44,1417.0,1413.0,2755.55,1420.0,1419.0,2754.9,1411.0,1407.0,2753.27,1410.0,1406.0,2751.9,1412.0,1409.0,2750.06,1429.0,1426.0,2750.05,1404.0,1401.0,2748.8,1402.0,1398.0,2746.77,1413.0,1410.0,2747.92,1422.0,1418.0,2748.54,1422.0,1419.0,2750.75,1412.0,1409.0,3570.22,1418.0,1415.0,2760.99,1409.0,1405.0,2755.62,1406.0,1403.0,2754.4,1412.0,1409.0,2755.1,1413.0,1410.0,2753.69,1416.1,14.49,1413.14,14.54,599.72,79964.46,79797.32
qdd-gfortran-linux-MKL-OMP-DYN-noStatic-Debug,646.0,8015.0,4467.97,638.0,7910.0,4394.81,642.0,7950.0,4657.15,647.0,8004.0,4483.83,636.0,7879.0,3727.97,655.0,8206.0,4371.4,630.0,7848.0,4508.06,651.0,8010.0,4518.85,645.0,8004.0,4493.67,638.0,7925.0,4485.66,647.0,8039.0,3248.76,640.0,7957.0,3310.37,638.0,7920.0,3242.3,638.0,7939.0,3291.71,638.0,7883.0,3206.89,642.0,7986.0,3129.93,638.0,7972.0,3395.45,631.0,7876.0,3842.41,640.0,7870.0,3236.94,631.0,7831.0,3210.16,644.0,8064.0,3322.51,635.0,7921.0,3212.36,642.0,7923.0,3248.7,634.0,7858.0,3296.13,640.0,7982.0,3142.36,642.0,7984.0,3324.44,640.0,7909.0,3245.28,636.0,7856.0,3242.8,628.0,7868.0,3051.08,632.0,7871.0,3394.96,641.0,7958.0,3846.95,638.0,7922.0,3331.08,626.0,7811.0,3317.37,629.0,7924.0,3372.06,635.0,7863.0,3358.3,637.0,7885.0,3457.63,643.0,7953.0,3326.71,634.0,7859.0,3297.6,635.0,7892.0,3383.01,631.0,7844.0,3212.94,632.0,7855.0,3107.14,641.0,7993.0,3234.45,633.0,7898.0,3224.42,638.0,7893.0,3280.59,629.0,7823.0,3299.99,631.0,7843.0,3219.66,620.0,7774.0,3187.21,634.0,7860.0,3361.02,648.0,8007.0,3150.95,652.0,8002.0,3335.0,637.82,6.94,7922.38,77.42,482.43,37420.68,464803.37
qdd-gfortran-linux-MKL-OMP-DYN-noStatic-noDebug,315.0,4518.0,4707.56,296.0,4246.0,4818.18,297.0,4265.0,4799.82,290.0,4139.0,4598.19,290.0,4147.0,4955.36,297.0,4255.0,3481.33,292.0,4173.0,4914.05,303.0,4336.0,4463.46,289.0,4122.0,4624.57,309.0,4426.0,4543.37,299.0,4273.0,3628.22,294.0,4203.0,4888.99,293.0,4188.0,4833.76,294.0,4218.0,4746.99,289.0,4131.0,4948.25,297.0,4251.0,3392.71,304.0,4355.0,3619.52,294.0,4210.0,3975.08,296.0,4248.0,3573.06,295.0,4214.0,3705.24,288.0,4101.0,3906.53,299.0,4282.0,3578.28,297.0,4256.0,3696.33,294.0,4195.0,4408.07,292.0,4182.0,3617.18,290.0,4145.0,3646.41,296.0,4227.0,4107.5,290.0,4141.0,3840.96,290.0,4146.0,3841.7,300.0,4287.0,3878.34,297.0,4252.0,3857.49,316.0,4565.0,3403.54,296.0,4242.0,3860.08,290.0,4140.0,3772.35,291.0,4156.0,3873.3,309.0,4440.0,3548.93,289.0,4139.0,3639.19,303.0,4341.0,3882.53,287.0,4102.0,3717.03,294.0,4203.0,3787.65,298.0,4263.0,3677.35,291.0,4154.0,3771.53,313.0,4483.0,3780.2,287.0,4103.0,3832.16,288.0,4115.0,3929.28,299.0,4290.0,3972.39,303.0,4318.0,3700.83,293.0,4188.0,3803.72,298.0,4272.0,3471.57,294.0,4213.0,3754.07,296.1,7.05,4237.18,107.49,481.77,19816.41,283572.14
qdd-gfortran-linux-MKL-OMP-noStatic-Debug,751.0,10648.0,4905.25,754.0,10725.0,5057.8,731.0,10390.0,4807.03,747.0,10541.0,4906.71,755.0,10698.0,4687.03,732.0,10454.0,4530.03,754.0,10650.0,4549.98,735.0,10426.0,4749.55,744.0,10534.0,4531.74,763.0,10765.0,4666.24,740.0,10529.0,4052.34,733.0,10441.0,3923.65,742.0,10520.0,4265.43,739.0,10442.0,3756.63,746.0,10583.0,4109.27,749.0,10551.0,3915.74,766.0,10797.0,4052.13,750.0,10605.0,3590.68,734.0,10422.0,4070.69,751.0,10586.0,4007.1,748.0,10581.0,3954.24,756.0,10750.0,3661.58,738.0,10474.0,4160.94,752.0,10644.0,4044.95,766.0,10825.0,4038.09,737.0,10456.0,4054.55,749.0,10609.0,3785.95,742.0,10507.0,4107.52,747.0,10586.0,3693.2,744.0,10533.0,4101.75,758.0,10688.0,3818.05,759.0,10700.0,4044.47,746.0,10528.0,3905.95,757.0,10688.0,4014.28,757.0,10705.0,3643.73,773.0,10899.0,4132.42,751.0,10697.0,3827.15,756.0,10670.0,4093.78,734.0,10456.0,3751.0,774.0,10900.0,3957.94,756.0,10641.0,3733.73,738.0,10552.0,3811.47,727.0,10419.0,4138.58,735.0,10453.0,3692.77,741.0,10556.0,3928.28,735.0,10494.0,4093.57,730.0,10410.0,3697.79,744.0,10579.0,3947.08,769.0,10795.0,3615.87,761.0,10719.0,4030.44,747.92,11.61,10596.42,130.7,370.89,51012.17,722732.85
qdd-gfortran-linux-MKL-OMP-noStatic-noDebug,396.0,6234.0,4931.01,379.0,5965.0,4963.39,388.0,6097.0,4847.04,393.0,6180.0,4947.8,388.0,6113.0,4955.7,387.0,6094.0,4921.11,407.0,6410.0,4550.63,388.0,6108.0,5190.23,384.0,6043.0,5266.72,384.0,6036.0,5294.84,389.0,6115.0,4047.24,377.0,5927.0,4129.31,390.0,6125.0,4510.63,388.0,6099.0,3982.06,380.0,5967.0,4332.57,391.0,6157.0,3644.72,387.0,6091.0,4233.07,396.0,6221.0,3772.04,385.0,6059.0,4291.7,396.0,6229.0,3858.09,386.0,6069.0,3735.21,393.0,6178.0,4101.03,363.0,5698.0,4245.86,383.0,6008.0,4434.39,384.0,6036.0,4243.14,393.0,6184.0,4252.96,404.0,6360.0,4174.78,393.0,6176.0,4174.23,385.0,6065.0,4154.68,386.0,6078.0,3998.15,386.0,6063.0,4088.29,386.0,6081.0,4172.23,387.0,6092.0,4213.8,375.0,5897.0,4163.6,376.0,5889.0,3971.93,388.0,6097.0,4322.59,387.0,6083.0,4145.85,382.0,6007.0,3946.97,382.0,6007.0,4479.53,391.0,6148.0,4030.56,395.0,6214.0,3957.03,389.0,6121.0,3873.81,394.0,6197.0,3905.58,388.0,6096.0,4126.02,401.0,6299.0,3924.42,396.0,6227.0,4350.92,393.0,6179.0,3828.03,403.0,6350.0,4310.61,414.0,6504.0,4417.51,386.0,6074.0,3690.25,388.84,8.49,6114.94,135.67,416.46,27750.71,436410.75
qdd-gfortran-linux-MKL-noOMP-noStatic-Debug,2235.0,2231.0,3758.82,2236.0,2233.0,3453.12,2235.0,2232.0,3392.38,2261.0,2258.0,3786.61,2247.0,2244.0,3962.51,2247.0,2244.0,3952.94,2237.0,2233.0,3959.39,2245.0,2241.0,4029.97,2240.0,2236.0,4121.37,2248.0,2246.0,4066.0,2226.0,2223.0,2764.25,2235.0,2232.0,2754.06,2232.0,2229.0,2753.92,2236.0,2233.0,2754.62,2235.0,2232.0,2752.51,2243.0,2240.0,2751.75,2243.0,2240.0,2750.98,2241.0,2238.0,2749.88,2238.0,2234.0,2749.04,2242.0,2239.0,2747.78,2237.0,2234.0,2747.99,2234.0,2231.0,2746.81,2241.0,2238.0,2748.42,2238.0,2235.0,2749.47,2233.0,2230.0,2749.74,2243.0,2240.0,2751.17,2232.0,2229.0,2751.41,2238.0,2235.0,2749.76,2233.0,2230.0,2765.72,2245.0,2242.0,2751.74,2234.0,2230.0,2726.26,2228.0,2225.0,2955.92,2238.0,2235.0,2718.38,2229.0,2225.0,2716.4,2239.0,2236.0,2714.37,2241.0,2238.0,2714.8,2244.0,2241.0,3564.86,2232.0,2229.0,2729.64,2234.0,2231.0,3573.19,2231.0,2228.0,2731.67,2240.0,2236.0,3575.78,2235.0,2232.0,2732.7,2240.0,2237.0,2721.72,2241.0,2238.0,2727.16,2238.0,2235.0,2754.17,2238.0,2235.0,2754.25,2237.0,2234.0,2751.66,2239.0,2236.0,2749.47,2242.0,2239.0,2750.93,2233.0,2229.0,2749.77,2238.18,5.96,2235.02,6.05,475.8,112608.23,112449.24
qdd-gfortran-linux-MKL-noOMP-noStatic-noDebug,986.0,983.0,4074.12,981.0,978.0,4074.45,994.0,991.0,4097.3,989.0,986.0,3866.31,986.0,983.0,4387.17,987.0,984.0,4363.32,989.0,986.0,3825.89,1001.0,998.0,4384.0,991.0,988.0,4433.4,985.0,982.0,4066.75,982.0,979.0,2762.94,990.0,987.0,2752.1,983.0,980.0,2751.39,987.0,984.0,2751.49,988.0,986.0,2751.39,992.0,989.0,2750.59,990.0,987.0,2749.7,986.0,983.0,2748.98,979.0,976.0,2748.27,989.0,986.0,2747.03,983.0,980.0,2748.16,986.0,983.0,2748.16,980.0,977.0,2747.62,981.0,978.0,2747.74,986.0,983.0,2750.33,986.0,983.0,2751.94,985.0,982.0,2753.6,983.0,980.0,2752.34,983.0,979.0,2752.83,982.0,979.0,2750.38,984.0,981.0,2749.59,985.0,983.0,2747.43,1003.0,1001.0,2748.06,992.0,989.0,2749.55,986.0,983.0,2750.1,981.0,979.0,2751.63,983.0,980.0,2753.39,990.0,987.0,2754.1,982.0,979.0,2753.83,992.0,989.0,2755.89,981.0,978.0,2754.59,995.0,992.0,2754.69,980.0,978.0,2753.84,988.0,985.0,2755.26,979.0,975.0,2751.37,995.0,992.0,2751.73,983.0,980.0,2750.98,986.0,984.0,2750.08,986.0,983.0,2749.63,989.0,986.0,2749.7,986.6,5.21,983.68,5.28,576.0,49864.45,49716.87
qdd-ifort-linux-FFTW-OMP-DYN-noStatic-Debug,1102.0,15199.0,4598.57,1092.0,15051.0,4823.01,1099.0,15164.0,4721.92,1080.0,14886.0,4650.97,1097.0,15134.0,4942.5,1097.0,15120.0,4982.5,1090.0,15032.0,5080.51,1100.0,15175.0,4970.23,1095.0,15093.0,5019.11,1089.0,15007.0,4683.43,1100.0,15167.0,3521.42,1092.0,15035.0,3441.36,1101.0,15179.0,3836.16,1091.0,15042.0,3941.73,1096.0,15102.0,3667.59,1094.0,15087.0,2952.25,1092.0,15036.0,3750.71,1094.0,15103.0,3289.66,1094.0,15078.0,4051.61,1089.0,15002.0,3375.65,1091.0,15033.0,3847.81,1098.0,15139.0,3621.55,1088.0,14993.0,3699.33,1091.0,15022.0,3804.66,1100.0,15171.0,3549.38,1102.0,15203.0,3623.47,1098.0,15135.0,3693.51,1094.0,15068.0,3458.22,1104.0,15228.0,3399.53,1083.0,14917.0,3774.72,1092.0,15045.0,3586.81,1096.0,15108.0,3682.23,1101.0,15184.0,3369.42,1096.0,15130.0,3898.01,1096.0,15110.0,3797.44,1092.0,15054.0,3353.27,1089.0,15007.0,3761.43,1095.0,15086.0,4690.25,1093.0,15071.0,3761.33,1101.0,15189.0,3430.81,1096.0,15097.0,3785.97,1092.0,15037.0,3795.45,1100.0,15186.0,5061.17,1098.0,15133.0,3420.76,1094.0,15083.0,3379.43,1098.0,15142.0,3336.59,1096.0,15118.0,3819.08,1091.0,15053.0,3443.38,1096.0,15108.0,3831.24,1099.0,15146.0,3489.13,1094.88,4.84,15093.76,72.1,576.31,71337.37,983440.32
qdd-ifort-linux-FFTW-OMP-DYN-noStatic-noDebug,414.0,6429.0,5252.01,423.0,6567.0,5311.11,413.0,6414.0,5412.7,416.0,6470.0,5402.75,407.0,6326.0,5264.83,416.0,6456.0,5501.52,406.0,6301.0,5327.48,414.0,6430.0,5416.68,419.0,6517.0,5184.82,417.0,6485.0,5191.53,417.0,6478.0,4421.49,411.0,6391.0,4130.46,414.0,6431.0,4460.29,410.0,6373.0,4136.23,411.0,6374.0,4209.87,417.0,6483.0,4002.46,409.0,6358.0,4273.28,414.0,6439.0,3798.8,419.0,6499.0,4247.89,414.0,6424.0,4243.69,422.0,6564.0,3916.21,411.0,6383.0,5724.66,415.0,6454.0,4555.92,420.0,6534.0,4147.83,407.0,6325.0,4281.64,417.0,6476.0,4283.43,420.0,6518.0,4425.47,409.0,6349.0,4120.03,414.0,6436.0,4794.79,414.0,6431.0,4481.39,408.0,6330.0,3948.16,408.0,6333.0,4472.07,414.0,6428.0,3693.79,415.0,6443.0,4221.23,390.0,6060.0,4083.83,410.0,6370.0,4955.92,419.0,6513.0,3803.72,415.0,6456.0,4597.33,407.0,6314.0,3506.85,416.0,6470.0,4608.21,418.0,6492.0,4375.34,423.0,6569.0,3810.41,419.0,6519.0,4854.21,415.0,6450.0,4254.98,407.0,6327.0,4198.65,402.0,6244.0,4136.26,428.0,6653.0,3884.19,415.0,6447.0,4059.69,417.0,6469.0,3846.33,415.0,6449.0,3872.0,413.82,6.12,6429.02,96.12,564.98,30775.03,478114.28
qdd-ifort-linux-FFTW-OMP-noStatic-Debug,1270.0,18916.0,5084.43,1252.0,18641.0,5307.65,1250.0,18618.0,5821.27,1270.0,18915.0,5312.75,1250.0,18615.0,5338.66,1247.0,18570.0,5332.75,1271.0,18941.0,5215.24,1257.0,18730.0,5286.19,1255.0,18702.0,5334.42,1260.0,18772.0,5279.92,1268.0,18903.0,4306.84,1261.0,18790.0,4449.41,1250.0,18612.0,4227.45,1249.0,18605.0,4201.59,1258.0,18734.0,4930.36,1248.0,18588.0,3936.86,1258.0,18738.0,4466.85,1252.0,18640.0,4511.74,1284.0,19142.0,3816.28,1253.0,18684.0,4057.49,1267.0,18895.0,4640.1,1238.0,18440.0,4196.94,1265.0,18856.0,4399.07,1262.0,18816.0,4385.73,1254.0,18697.0,4369.99,1261.0,18793.0,4191.72,1268.0,18898.0,4861.99,1251.0,18640.0,3779.76,1261.0,18788.0,4219.57,1246.0,18555.0,3620.93,1255.0,18704.0,5054.53,1254.0,18679.0,4773.1,1263.0,18820.0,4203.64,1249.0,18599.0,4090.59,1277.0,19041.0,4151.65,1264.0,18836.0,4270.51,1266.0,18855.0,4041.55,1254.0,18683.0,4138.17,1251.0,18629.0,4479.95,1255.0,18694.0,4184.46,1265.0,18862.0,4266.7,1250.0,18620.0,4136.9,1255.0,18694.0,3865.5,1250.0,18622.0,4874.82,1255.0,18702.0,4165.13,1261.0,18784.0,4271.35,1263.0,18814.0,4196.49,1264.0,18833.0,4333.17,1263.0,18817.0,4339.56,1258.0,18735.0,4492.44,1258.16,8.66,18745.14,133.57,507.9,94451.82,1407223.65
qdd-ifort-linux-FFTW-OMP-noStatic-noDebug,458.0,7139.0,6669.58,451.0,7036.0,5081.44,446.0,6950.0,5361.34,447.0,6974.0,5475.55,430.0,6697.0,5416.11,452.0,7045.0,5428.46,470.0,7332.0,5423.91,442.0,6899.0,5700.3,458.0,7133.0,5426.89,457.0,7134.0,5435.44,458.0,7138.0,4360.01,461.0,7186.0,4406.46,452.0,7050.0,3931.13,435.0,6789.0,4278.84,432.0,6743.0,4306.03,443.0,6908.0,4471.43,449.0,7006.0,4221.32,453.0,7057.0,4606.5,472.0,7367.0,4653.79,454.0,7081.0,3811.25,464.0,7227.0,4184.34,452.0,7044.0,4614.01,451.0,7032.0,5649.46,448.0,6989.0,4559.27,455.0,7091.0,4331.06,457.0,7138.0,4226.36,458.0,7147.0,4258.48,451.0,7034.0,4105.3,460.0,7165.0,4155.51,459.0,7153.0,5192.98,459.0,7161.0,3917.98,460.0,7166.0,5054.15,454.0,7084.0,4425.94,438.0,6829.0,4183.21,458.0,7141.0,4282.0,456.0,7120.0,4260.02,458.0,7145.0,4249.06,471.0,7339.0,3931.12,441.0,6876.0,4777.94,440.0,6859.0,3867.96,461.0,7197.0,4912.98,460.0,7183.0,3768.84,472.0,7368.0,5001.77,443.0,6917.0,4049.17,441.0,6883.0,4614.75,448.0,6980.0,4143.47,453.0,7061.0,5058.28,451.0,7033.0,3894.58,442.0,6891.0,4959.14,451.0,7034.0,3602.5,452.64,9.67,7059.02,150.94,637.51,34807.63,542832.54
qdd-ifort-linux-FFTW-noOMP-noStatic-Debug,3808.0,3804.0,4322.65,3801.0,3798.0,4228.91,3804.0,3800.0,4181.17,3799.0,3795.0,4285.74,3802.0,3797.0,4337.17,3808.0,3805.0,4333.39,3809.0,3806.0,4192.18,3782.0,3777.0,4146.26,3820.0,3817.0,4210.94,3799.0,3795.0,4334.68,3758.0,3754.0,2736.66,3753.0,3750.0,2754.78,3746.0,3743.0,2755.52,3770.0,3767.0,2751.82,3744.0,3740.0,2748.12,3751.0,3748.0,2747.13,3743.0,3740.0,2747.16,3761.0,3758.0,2747.48,3736.0,3733.0,2747.9,3753.0,3750.0,2761.28,3743.0,3740.0,2748.36,3751.0,3748.0,2751.37,3751.0,3748.0,2751.29,3741.0,3738.0,2751.57,3751.0,3748.0,2754.04,3757.0,3753.0,2753.28,3757.0,3754.0,2752.9,3736.0,3732.0,2752.09,3757.0,3754.0,2751.27,3739.0,3735.0,2752.23,3758.0,3755.0,3561.28,3745.0,3741.0,3574.86,3758.0,3754.0,3595.52,3750.0,3746.0,3566.13,3749.0,3746.0,3562.54,3750.0,3746.0,3559.91,3746.0,3742.0,3552.29,3759.0,3756.0,3534.81,3745.0,3742.0,3558.57,3750.0,3747.0,3556.19,3752.0,3748.0,3554.22,3748.0,3745.0,3603.63,3765.0,3762.0,3576.32,3761.0,3757.0,3558.33,3762.0,3758.0,3594.11,3756.0,3752.0,3563.33,3762.0,3759.0,3595.34,3757.0,3754.0,3556.22,3752.0,3749.0,3538.86,3757.0,3754.0,3604.89,3762.24,22.23,3758.8,22.13,578.19,211885.21,211691.47
qdd-ifort-linux-FFTW-noOMP-noStatic-noDebug,1362.0,1359.0,4536.99,1347.0,1344.0,4409.93,1351.0,1349.0,4353.12,1361.0,1357.0,4155.96,1355.0,1352.0,4445.39,1359.0,1356.0,4462.53,1373.0,1370.0,4458.71,1363.0,1360.0,4458.92,1359.0,1356.0,4449.31,1358.0,1355.0,4391.23,1329.0,1326.0,2751.65,1342.0,1339.0,2750.66,1327.0,1324.0,2749.37,1336.0,1333.0,2749.36,1328.0,1325.0,2747.86,1340.0,1337.0,2748.33,1330.0,1328.0,2748.86,1332.0,1329.0,2749.05,1324.0,1321.0,2749.71,1333.0,1331.0,2748.56,1325.0,1322.0,2749.21,1322.0,1319.0,2751.31,1334.0,1331.0,2751.72,1331.0,1328.0,2755.41,1336.0,1333.0,2752.54,1332.0,1330.0,2752.0,1331.0,1328.0,2752.32,1331.0,1328.0,2751.31,1320.0,1317.0,2750.73,1344.0,1341.0,2751.93,1334.0,1332.0,3607.6,1330.0,1327.0,2795.79,1336.0,1333.0,3599.35,1338.0,1335.0,3609.35,1340.0,1337.0,3595.3,1335.0,1332.0,3612.39,1333.0,1330.0,3596.22,1335.0,1332.0,3592.03,1328.0,1325.0,3598.76,1332.0,1329.0,2755.3,1333.0,1330.0,2751.25,1326.0,1323.0,2750.27,1332.0,1329.0,2752.52,1333.0,1331.0,2753.25,1338.0,1335.0,2754.57,1333.0,1330.0,2753.27,1332.0,1329.0,2753.1,1333.0,1330.0,2755.26,1335.0,1332.0,2755.08,1338.0,1335.0,2753.15,1337.78,11.95,1334.88,11.9,676.94,71806.59,71650.93
qdd-ifort-linux-MKL-OMP-DYN-noStatic-Debug,1042.0,14483.0,4770.61,1045.0,14524.0,5047.59,1046.0,14536.0,5008.29,1032.0,14340.0,4965.99,1039.0,14441.0,4796.31,1044.0,14528.0,4881.35,1044.0,14511.0,4984.39,1042.0,14489.0,5050.3,1046.0,14550.0,4761.39,1043.0,14497.0,5315.32,1034.0,14359.0,3839.14,1036.0,14390.0,3125.37,1045.0,14541.0,3416.05,1042.0,14486.0,4054.65,1043.0,14499.0,3765.46,1030.0,14286.0,3916.77,1047.0,14566.0,3791.35,1038.0,14427.0,3860.43,1036.0,14385.0,3638.47,1041.0,14455.0,3643.39,1042.0,14490.0,3717.99,1039.0,14446.0,3517.74,1041.0,14476.0,4476.96,1038.0,14426.0,3915.48,1036.0,14414.0,3541.17,1039.0,14442.0,3490.15,1027.0,14291.0,3624.79,1035.0,14386.0,4170.82,1042.0,14482.0,3642.48,1039.0,14427.0,3557.29,1034.0,14358.0,3940.67,1041.0,14480.0,3982.5,1043.0,14483.0,3818.03,1041.0,14475.0,4206.94,1035.0,14376.0,4185.98,1033.0,14337.0,3154.16,1040.0,14438.0,3815.18,1030.0,14290.0,3829.66,1040.0,14446.0,3703.64,1041.0,14473.0,3797.26,1033.0,14355.0,4082.19,1035.0,14372.0,3592.54,1039.0,14452.0,3690.71,1037.0,14406.0,3976.3,1037.0,14409.0,3683.99,1040.0,14445.0,3893.34,1035.0,14359.0,3649.88,1038.0,14414.0,3600.57,1043.0,14498.0,3464.21,1046.0,14544.0,4412.05,1039.08,4.62,14439.66,70.5,545.7,69537.76,966337.14
qdd-ifort-linux-MKL-OMP-DYN-noStatic-noDebug,335.0,5202.0,5234.53,325.0,5044.0,5027.07,311.0,4826.0,5055.49,304.0,4710.0,5035.48,322.0,4999.0,5081.42,307.0,4763.0,5083.62,312.0,4835.0,5045.2,317.0,4917.0,4927.05,306.0,4747.0,4872.6,306.0,4744.0,5264.83,319.0,4946.0,4508.95,307.0,4764.0,4165.68,312.0,4847.0,3913.97,324.0,5019.0,4803.53,318.0,4926.0,4124.54,312.0,4844.0,4237.68,309.0,4790.0,4435.86,317.0,4920.0,4272.92,315.0,4893.0,3849.19,311.0,4824.0,4317.03,310.0,4810.0,4015.78,316.0,4898.0,4598.08,313.0,4854.0,3909.28,319.0,4960.0,4150.7,310.0,4810.0,4319.67,310.0,4815.0,4125.14,315.0,4880.0,4229.18,311.0,4827.0,4826.28,314.0,4872.0,4008.38,319.0,4944.0,4272.28,323.0,5019.0,4176.82,312.0,4838.0,4655.02,320.0,4967.0,3700.76,308.0,4787.0,4788.65,310.0,4811.0,4147.83,314.0,4873.0,4319.67,304.0,4709.0,4347.29,313.0,4866.0,3740.96,307.0,4773.0,4623.26,314.0,4863.0,4414.31,304.0,4712.0,4454.54,319.0,4951.0,4250.2,319.0,4952.0,3896.59,317.0,4915.0,4310.76,320.0,4961.0,4825.54,306.0,4735.0,4032.46,303.0,4696.0,3582.87,321.0,4977.0,4789.94,331.0,5131.0,4273.68,305.0,4738.0,4155.16,313.92,7.0,4870.08,109.26,432.14,23146.13,359083.53
qdd-ifort-linux-MKL-OMP-noStatic-Debug,1247.0,18585.0,4907.69,1237.0,18425.0,5626.69,1237.0,18427.0,5045.21,1223.0,18211.0,5047.3,1236.0,18425.0,5010.99,1228.0,18290.0,5084.91,1243.0,18511.0,5128.12,1232.0,18359.0,5313.5,1232.0,18360.0,5148.49,1268.0,18920.0,5295.22,1249.0,18623.0,4178.78,1249.0,18623.0,4266.56,1241.0,18484.0,4162.09,1243.0,18525.0,4249.81,1233.0,18372.0,4399.03,1227.0,18285.0,3979.61,1233.0,18367.0,4033.86,1241.0,18495.0,4224.08,1234.0,18381.0,4155.88,1232.0,18363.0,4000.04,1238.0,18450.0,4233.83,1241.0,18492.0,3708.38,1236.0,18409.0,4167.64,1246.0,18572.0,3966.76,1240.0,18482.0,4509.14,1232.0,18351.0,4472.82,1223.0,18218.0,4515.27,1235.0,18399.0,4412.79,1232.0,18360.0,4716.97,1228.0,18287.0,4140.86,1230.0,18327.0,4233.0,1231.0,18341.0,3953.01,1226.0,18277.0,4470.18,1236.0,18433.0,4035.55,1244.0,18537.0,4250.35,1239.0,18466.0,4209.38,1226.0,18260.0,4210.01,1240.0,18471.0,4154.53,1226.0,18255.0,4356.32,1241.0,18489.0,4275.31,1224.0,18233.0,4423.13,1237.0,18424.0,4058.36,1238.0,18441.0,4878.98,1223.0,18205.0,4188.18,1238.0,18440.0,4636.98,1235.0,18398.0,4125.69,1236.0,18413.0,4725.51,1249.0,18620.0,4045.51,1238.0,18448.0,4056.38,1227.0,18280.0,4151.39,1236.0,8.43,18416.18,130.85,434.36,91274.51,1359973.94
qdd-ifort-linux-MKL-OMP-noStatic-noDebug,387.0,6035.0,5122.7,405.0,6305.0,5657.23,396.0,6162.0,5704.66,406.0,6324.0,5374.96,382.0,5951.0,5312.68,403.0,6283.0,5231.71,387.0,6023.0,5295.88,385.0,5996.0,5210.52,392.0,6110.0,5373.93,397.0,6187.0,5329.44,392.0,6104.0,4226.83,386.0,6008.0,5040.84,385.0,5992.0,4095.44,387.0,6029.0,4984.86,388.0,6050.0,4266.86,382.0,5945.0,4716.66,401.0,6249.0,4478.97,387.0,6027.0,4149.4,397.0,6186.0,4424.3,397.0,6191.0,4550.0,388.0,6043.0,3674.13,396.0,6162.0,3968.82,384.0,5988.0,4179.46,384.0,5978.0,4418.28,385.0,5995.0,3945.43,400.0,6235.0,4161.27,403.0,6268.0,4124.96,384.0,5966.0,4255.26,407.0,6337.0,4346.14,394.0,6128.0,4521.43,393.0,6113.0,4364.58,387.0,6031.0,4259.28,376.0,5863.0,4215.53,398.0,6200.0,4562.78,382.0,5944.0,4325.94,391.0,6093.0,3913.7,406.0,6317.0,5157.12,400.0,6228.0,4529.27,402.0,6265.0,4170.31,394.0,6132.0,4102.79,395.0,6163.0,4062.03,395.0,6156.0,3884.47,385.0,6004.0,4605.89,383.0,5959.0,3549.69,392.0,6103.0,5766.25,398.0,6205.0,4298.37,400.0,6243.0,4311.34,431.0,6730.0,3823.23,401.0,6247.0,4438.39,391.0,6096.0,3803.54,393.34,9.41,6126.98,148.41,567.16,29669.31,462153.1
qdd-ifort-linux-MKL-noOMP-noStatic-Debug,3355.0,3352.0,5333.07,3346.0,3343.0,4946.06,3359.0,3356.0,4713.32,3348.0,3344.0,4624.81,3357.0,3354.0,4618.98,3355.0,3352.0,4076.02,3352.0,3349.0,4178.1,3362.0,3359.0,4169.64,3356.0,3353.0,4193.19,3345.0,3342.0,4226.11,3348.0,3345.0,2785.17,3351.0,3348.0,2752.17,3346.0,3343.0,2752.32,3342.0,3338.0,2750.34,3346.0,3342.0,2750.15,3341.0,3338.0,2751.05,3347.0,3345.0,2751.86,3346.0,3343.0,2752.93,3340.0,3337.0,2752.46,3343.0,3340.0,2751.95,3352.0,3349.0,2752.36,3349.0,3346.0,2752.3,3350.0,3347.0,2751.97,3352.0,3349.0,2752.85,3344.0,3342.0,2752.26,3347.0,3343.0,2752.82,3344.0,3341.0,2750.88,3357.0,3354.0,2750.26,3344.0,3341.0,2748.39,3352.0,3349.0,2748.46,3339.0,3336.0,3597.31,3354.0,3351.0,3600.03,3351.0,3347.0,3603.87,3342.0,3339.0,3602.16,3350.0,3347.0,3597.2,3354.0,3350.0,3601.07,3345.0,3342.0,3604.03,3348.0,3345.0,3605.83,3351.0,3347.0,3607.93,3346.0,3342.0,3611.25,3349.0,3345.0,3614.21,3352.0,3349.0,3608.98,3356.0,3353.0,3604.92,3349.0,3346.0,3597.92,3341.0,3338.0,3599.88,3363.0,3359.0,3603.82,3348.0,3344.0,3602.53,3346.0,3343.0,3604.99,3344.0,3341.0,3606.36,3347.0,3344.0,3605.93,3349.02,5.56,3345.84,5.54,683.74,192258.83,192076.28
qdd-ifort-linux-MKL-noOMP-noStatic-noDebug,913.0,910.0,4383.9,930.0,927.0,4385.24,912.0,909.0,3984.73,921.0,918.0,4091.12,922.0,920.0,4075.0,930.0,927.0,3934.52,924.0,921.0,3810.23,917.0,914.0,4019.11,924.0,921.0,4014.98,919.0,917.0,4019.51,917.0,914.0,2748.0,912.0,909.0,2748.33,912.0,908.0,2748.39,915.0,912.0,2749.93,905.0,902.0,2750.92,915.0,912.0,2751.0,910.0,908.0,2752.19,912.0,908.0,2752.28,911.0,908.0,2752.34,910.0,907.0,2753.19,914.0,911.0,2752.32,913.0,911.0,2754.14,908.0,905.0,2753.74,913.0,909.0,2753.37,908.0,905.0,2750.85,909.0,906.0,2749.2,913.0,910.0,2749.42,911.0,908.0,2749.19,907.0,904.0,2747.76,912.0,909.0,2747.59,903.0,901.0,3610.91,904.0,902.0,3605.37,906.0,905.0,3602.98,912.0,910.0,3597.59,910.0,908.0,3600.85,911.0,909.0,3604.45,906.0,903.0,3606.7,902.0,900.0,3605.7,906.0,903.0,3610.48,914.0,911.0,3613.3,913.0,911.0,3611.57,911.0,909.0,3603.73,905.0,903.0,3598.27,907.0,904.0,3598.27,908.0,905.0,3603.17,906.0,903.0,3591.01,904.0,901.0,3591.25,898.0,895.0,3594.04,926.0,923.0,3596.31,910.0,907.0,3596.31,912.02,6.88,909.26,6.8,533.83,51004.64,50850.29
qdd-ifx-linux-FFTW-OMP-DYN-noStatic-Debug,1455.0,18894.0,4314.81,1461.0,19009.0,4350.88,1465.0,19059.0,4331.2,1456.0,18919.0,4345.21,1456.0,18915.0,4228.04,1459.0,18968.0,4803.75,1462.0,19021.0,4132.14,1465.0,19044.0,4958.24,1463.0,19018.0,4933.91,1455.0,18901.0,5093.64,1471.0,19133.0,3311.83,1456.0,18901.0,3613.35,1460.0,18950.0,3291.86,1465.0,19040.0,2830.44,1469.0,19110.0,4429.78,1459.0,18952.0,2834.93,1459.0,18957.0,3600.98,1468.0,19094.0,3122.58,1464.0,19019.0,3649.77,1466.0,19068.0,3479.07,1456.0,18912.0,3623.6,1456.0,18897.0,3499.21,1469.0,19103.0,2983.68,1468.0,19089.0,3886.94,1464.0,19043.0,3282.62,1465.0,19053.0,3586.81,1465.0,19041.0,3449.09,1455.0,18894.0,4275.22,1461.0,18968.0,3669.01,1460.0,18968.0,4501.03,1463.0,19009.0,3819.69,1461.0,18976.0,3485.19,1470.0,19121.0,3838.48,1462.0,19010.0,3367.88,1450.0,18829.0,3090.79,1457.0,18922.0,3596.1,1458.0,18948.0,3154.35,1467.0,19070.0,3292.58,1458.0,18964.0,3606.21,1459.0,18943.0,3397.85,1464.0,19033.0,3503.68,1465.0,19045.0,3455.05,1459.0,18953.0,5091.77,1461.0,18999.0,2884.99,1474.0,19178.0,3756.71,1466.0,19052.0,3310.99,1456.0,18909.0,3547.94,1468.0,19080.0,3607.11,1452.0,18829.0,3389.15,1465.0,19072.0,4680.31,1461.76,5.24,18997.64,79.76,602.46,91745.14,1192358.0
qdd-ifx-linux-FFTW-OMP-DYN-noStatic-noDebug,399.0,6195.0,5012.7,399.0,6195.0,5350.65,395.0,6143.0,5479.77,394.0,6115.0,6458.88,394.0,6122.0,5782.27,391.0,6081.0,5411.05,401.0,6225.0,5566.33,399.0,6202.0,5365.77,405.0,6282.0,5243.77,407.0,6324.0,4849.18,405.0,6297.0,3854.06,405.0,6288.0,3975.32,403.0,6262.0,3745.25,392.0,6093.0,3638.38,394.0,6126.0,3627.3,408.0,6347.0,6214.9,389.0,6044.0,4289.71,397.0,6170.0,4260.74,401.0,6226.0,4258.91,406.0,6302.0,3932.89,404.0,6281.0,6262.72,386.0,6000.0,4393.0,397.0,6160.0,3871.26,402.0,6242.0,4311.32,404.0,6284.0,4115.34,398.0,6179.0,3749.63,410.0,6379.0,5749.1,403.0,6264.0,4561.63,394.0,6123.0,3659.4,404.0,6280.0,4566.9,404.0,6289.0,3984.98,408.0,6348.0,4609.63,398.0,6178.0,4245.81,402.0,6255.0,4379.47,404.0,6280.0,3945.71,408.0,6344.0,5180.99,402.0,6254.0,3985.54,414.0,6425.0,4159.2,405.0,6287.0,3968.37,399.0,6200.0,4205.65,397.0,6168.0,4174.34,409.0,6354.0,4791.26,397.0,6175.0,4004.04,407.0,6324.0,3969.77,408.0,6341.0,5157.57,399.0,6196.0,3798.97,407.0,6320.0,4340.94,402.0,6249.0,3827.34,413.0,6428.0,4063.77,408.0,6339.0,3753.86,401.54,6.11,6239.7,95.49,759.47,30263.45,470276.5
qdd-ifx-linux-FFTW-OMP-noStatic-Debug,1601.0,23025.0,4980.08,1600.0,23007.0,4966.74,1621.0,23349.0,5242.21,1589.0,22842.0,4873.05,1589.0,22828.0,4946.37,1594.0,22914.0,4982.8,1610.0,23160.0,5069.74,1608.0,23139.0,5047.08,1588.0,22811.0,4994.72,1595.0,22925.0,5415.19,1597.0,22948.0,4235.08,1596.0,22944.0,4290.39,1587.0,22790.0,4132.23,1607.0,23106.0,3582.35,1606.0,23105.0,4663.06,1611.0,23163.0,4495.48,1610.0,23147.0,4118.42,1612.0,23184.0,3942.44,1604.0,23065.0,4694.35,1608.0,23117.0,3523.44,1597.0,22960.0,4979.88,1590.0,22865.0,4295.24,1599.0,22962.0,4787.93,1599.0,22983.0,4114.48,1586.0,22801.0,4959.75,1619.0,23305.0,4189.41,1615.0,23236.0,5693.7,1604.0,23072.0,4026.07,1602.0,23058.0,5371.26,1618.0,23277.0,3951.53,1599.0,22965.0,3828.29,1608.0,23118.0,4261.56,1610.0,23143.0,4098.11,1587.0,22804.0,4586.92,1618.0,23277.0,4399.93,1608.0,23112.0,4711.18,1605.0,23081.0,3931.48,1611.0,23167.0,4576.16,1600.0,22996.0,3797.39,1606.0,23112.0,4669.76,1592.0,22869.0,3822.01,1603.0,23034.0,4560.56,1624.0,23382.0,4216.88,1604.0,23065.0,4284.25,1612.0,23207.0,5134.46,1608.0,23117.0,3520.71,1610.0,23156.0,6024.7,1584.0,22744.0,3801.5,1612.0,23165.0,4379.57,1600.0,23003.0,4696.5,1603.26,9.86,23052.1,153.51,566.94,120707.52,1735564.87
qdd-ifx-linux-FFTW-OMP-noStatic-noDebug,445.0,6936.0,5019.4,439.0,6846.0,5180.09,431.0,6719.0,5302.25,452.0,7045.0,5239.5,455.0,7100.0,5250.06,450.0,7028.0,5857.17,455.0,7084.0,5156.84,438.0,6830.0,5275.19,437.0,6815.0,5193.14,454.0,7089.0,5203.4,437.0,6805.0,4751.92,438.0,6831.0,4062.76,445.0,6937.0,4328.23,445.0,6945.0,4181.54,450.0,7026.0,4446.57,440.0,6847.0,3769.34,447.0,6977.0,4627.46,442.0,6892.0,4094.76,445.0,6944.0,4538.9,443.0,6907.0,4352.29,445.0,6945.0,4096.41,437.0,6809.0,4157.5,439.0,6846.0,4327.94,443.0,6897.0,4709.72,439.0,6842.0,4556.44,452.0,7053.0,3650.54,439.0,6846.0,4567.4,439.0,6844.0,4285.39,448.0,6993.0,4332.97,452.0,7039.0,4480.24,437.0,6814.0,4147.0,451.0,7039.0,4063.67,439.0,6848.0,5176.9,446.0,6959.0,4118.37,444.0,6923.0,4042.19,450.0,7009.0,5068.55,441.0,6871.0,4453.61,452.0,7045.0,3710.57,437.0,6806.0,4548.77,449.0,7005.0,3960.97,442.0,6896.0,3938.73,437.0,6819.0,4994.94,450.0,7026.0,4117.12,444.0,6931.0,5229.43,448.0,6988.0,3992.9,443.0,6909.0,4630.04,430.0,6708.0,3481.21,430.0,6707.0,4835.48,428.0,6671.0,3658.28,440.0,6868.0,4689.9,443.18,6.73,6911.18,106.29,541.76,33364.66,520305.86
qdd-ifx-linux-FFTW-noOMP-noStatic-Debug,4848.0,4845.0,5088.27,4857.0,4853.0,4512.11,4849.0,4845.0,4058.96,4872.0,4868.0,4367.02,4859.0,4855.0,4090.98,4853.0,4849.0,4295.61,4868.0,4864.0,4190.51,4848.0,4844.0,4143.65,4882.0,4878.0,3599.82,4856.0,4852.0,4118.64,4798.0,4795.0,2733.68,4782.0,4779.0,2754.29,4785.0,4782.0,2754.48,4797.0,4794.0,2754.42,4783.0,4779.0,2753.8,4793.0,4789.0,2753.6,4791.0,4787.0,2751.69,4798.0,4794.0,2751.61,4787.0,4783.0,2750.37,4782.0,4779.0,3560.05,4787.0,4783.0,2758.51,4787.0,4783.0,2750.2,4785.0,4782.0,2716.9,4799.0,4795.0,2748.27,4794.0,4790.0,2747.68,4806.0,4802.0,2748.59,4815.0,4812.0,2750.56,4786.0,4783.0,2751.01,4798.0,4794.0,2751.84,4825.0,4821.0,2752.17,4786.0,4783.0,2763.47,4786.0,4783.0,2753.53,4795.0,4791.0,2754.31,4796.0,4792.0,2752.34,4794.0,4791.0,2751.16,4800.0,4796.0,2749.53,4784.0,4780.0,2749.37,4796.0,4792.0,2748.19,4789.0,4785.0,2748.12,4800.0,4796.0,2748.97,4783.0,4780.0,2747.67,4892.0,4889.0,2748.15,4784.0,4781.0,2751.29,4799.0,4795.0,2750.76,4788.0,4784.0,2751.91,4791.0,4788.0,2724.56,4801.0,4798.0,2753.32,4798.0,4794.0,2753.43,4801.0,4797.0,2752.13,4805.0,4801.0,2751.47,4808.76,30.53,4805.1,30.43,629.05,245668.28,245481.3
qdd-ifx-linux-FFTW-noOMP-noStatic-noDebug,1368.0,1365.0,4159.17,1368.0,1365.0,3763.2,1349.0,1346.0,4352.87,1379.0,1375.0,4332.65,1356.0,1353.0,4366.67,1364.0,1361.0,4168.8,1373.0,1370.0,4205.74,1360.0,1357.0,3592.54,1368.0,1365.0,4143.69,1361.0,1358.0,4145.71,1332.0,1329.0,2754.42,1336.0,1333.0,2751.76,1324.0,1321.0,2752.28,1345.0,1342.0,2752.18,1338.0,1335.0,2752.8,1340.0,1338.0,2752.26,1324.0,1321.0,2752.27,1347.0,1345.0,2751.27,1332.0,1329.0,2749.46,1340.0,1337.0,2747.52,1333.0,1330.0,2748.78,1335.0,1332.0,2747.62,1332.0,1329.0,2746.53,1337.0,1334.0,2746.98,1326.0,1323.0,2749.2,1325.0,1322.0,2749.64,1339.0,1336.0,2748.33,1332.0,1329.0,2750.46,1339.0,1336.0,2750.79,1329.0,1326.0,2751.7,1336.0,1333.0,2751.62,1334.0,1331.0,2750.69,1339.0,1336.0,2749.91,1341.0,1338.0,2749.95,1332.0,1329.0,2749.43,1337.0,1334.0,2749.15,1337.0,1334.0,2749.36,1339.0,1335.0,2747.34,1350.0,1347.0,2747.23,1350.0,1347.0,2747.99,1326.0,1323.0,2749.78,1337.0,1334.0,2750.62,1330.0,1327.0,2751.08,1333.0,1330.0,2752.69,1327.0,1324.0,2754.66,1350.0,1347.0,2754.93,1339.0,1336.0,2753.86,1334.0,1331.0,2754.23,1338.0,1335.0,2753.15,1344.0,1341.0,2751.0,1341.68,13.61,1338.68,13.57,565.11,67645.7,67494.44
qdd-ifx-linux-MKL-OMP-DYN-noStatic-Debug,1363.0,17813.0,3303.55,1360.0,17756.0,4183.61,1361.0,17803.0,3444.5,1372.0,17919.0,3302.77,1365.0,17800.0,3502.71,1355.0,17684.0,3626.36,1366.0,17845.0,2815.1,1356.0,17704.0,3973.31,1363.0,17807.0,2861.27,1366.0,17848.0,3523.63,1366.0,17855.0,3493.95,1373.0,17952.0,3600.75,1363.0,17788.0,3517.26,1357.0,17711.0,3647.63,1361.0,17781.0,3475.85,1374.0,17964.0,3457.11,1362.0,17789.0,3956.51,1359.0,17738.0,3368.67,1370.0,17904.0,3642.55,1363.0,17797.0,3382.87,1363.0,17792.0,3676.47,1369.0,17898.0,4345.25,1360.0,17763.0,4008.53,1358.0,17737.0,2830.39,1366.0,17857.0,4678.52,1355.0,17675.0,2857.94,1362.0,17771.0,3616.25,1369.0,17897.0,3498.7,1363.0,17804.0,3772.5,1363.0,17795.0,2815.63,1360.0,17757.0,3683.6,1363.0,17790.0,4286.16,1366.0,17842.0,2862.55,1361.0,17767.0,4068.04,1365.0,17843.0,3928.01,1366.0,17825.0,3349.31,1393.0,18257.0,3810.89,1362.0,17784.0,3379.67,1377.0,18008.0,3539.88,1367.0,17854.0,3538.35,1369.0,17907.0,3462.69,1370.0,17915.0,3599.76,1359.0,17727.0,3453.77,1369.0,17903.0,3478.11,1357.0,17718.0,3426.28,1361.0,17768.0,3718.2,1386.0,18145.0,3361.11,1361.0,17772.0,5138.78,1365.0,17817.0,2937.11,1375.0,17995.0,3882.58,1365.1,7.19,17832.82,108.7,460.08,81489.64,1064530.13
qdd-ifx-linux-MKL-OMP-DYN-noStatic-noDebug,334.0,5191.0,4333.35,326.0,5061.0,4713.52,328.0,5095.0,4274.1,334.0,5181.0,4148.66,324.0,5035.0,4498.28,329.0,5117.0,4138.97,344.0,5340.0,4326.42,327.0,5076.0,4035.59,346.0,5371.0,4312.84,319.0,4948.0,4432.34,331.0,5132.0,5151.07,327.0,5087.0,3856.34,334.0,5183.0,4201.9,329.0,5111.0,4619.76,325.0,5049.0,3676.66,325.0,5048.0,4614.78,326.0,5070.0,4220.02,328.0,5089.0,4076.01,332.0,5155.0,4146.25,329.0,5101.0,4458.19,329.0,5102.0,3385.64,325.0,5052.0,5211.34,331.0,5137.0,4009.9,331.0,5141.0,4234.51,335.0,5210.0,4294.72,343.0,5337.0,4113.26,323.0,5022.0,4949.31,325.0,5040.0,4200.61,332.0,5162.0,4101.27,336.0,5209.0,4248.53,331.0,5132.0,3906.99,327.0,5070.0,4518.5,333.0,5163.0,3765.14,323.0,5007.0,4585.42,331.0,5144.0,4252.11,331.0,5138.0,4137.02,328.0,5094.0,4276.03,339.0,5272.0,3771.64,337.0,5238.0,4493.99,329.0,5101.0,4298.94,324.0,5022.0,4187.54,326.0,5065.0,4059.61,315.0,4890.0,5494.97,333.0,5174.0,4070.99,334.0,5180.0,4369.58,323.0,5017.0,4526.82,334.0,5181.0,4401.62,340.0,5289.0,4513.0,326.0,5063.0,3993.96,325.0,5049.0,4516.96,329.92,6.1,5122.82,95.75,376.83,23658.01,367348.83
qdd-ifx-linux-MKL-OMP-noStatic-Debug,1556.0,22274.0,4259.52,1557.0,22289.0,3988.96,1549.0,22167.0,4773.81,1569.0,22495.0,4192.23,1567.0,22448.0,5115.41,1562.0,22383.0,4414.46,1559.0,22328.0,4150.3,1556.0,22277.0,4850.88,1547.0,22150.0,5000.37,1560.0,22326.0,4132.08,1564.0,22399.0,4866.45,1558.0,22326.0,4233.92,1558.0,22311.0,4358.81,1550.0,22174.0,4445.45,1551.0,22195.0,4312.8,1564.0,22413.0,4552.98,1543.0,22118.0,4091.26,1559.0,22348.0,5036.58,1559.0,22320.0,4132.87,1551.0,22198.0,4533.81,1559.0,22316.0,4571.5,1549.0,22172.0,3997.6,1565.0,22420.0,4579.39,1563.0,22379.0,4220.55,1566.0,22447.0,4574.02,1574.0,22543.0,4449.17,1562.0,22365.0,4760.24,1581.0,22670.0,4259.33,1546.0,22130.0,4242.61,1564.0,22398.0,4420.12,1555.0,22258.0,4335.81,1575.0,22582.0,4862.16,1568.0,22475.0,3775.65,1571.0,22502.0,4645.4,1546.0,22124.0,5085.77,1567.0,22438.0,4466.79,1562.0,22381.0,4242.2,1566.0,22413.0,4435.7,1568.0,22467.0,4409.02,1551.0,22204.0,3792.53,1553.0,22233.0,4415.56,1570.0,22513.0,3954.85,1540.0,22047.0,4424.97,1557.0,22299.0,4210.68,1564.0,22402.0,4092.3,1549.0,22166.0,3982.18,1544.0,22094.0,4971.58,1566.0,22428.0,3634.32,1561.0,22372.0,4780.86,1561.0,22350.0,4237.89,1559.24,8.95,22330.54,137.41,351.06,114486.52,1639610.22
qdd-ifx-linux-MKL-OMP-noStatic-noDebug,416.0,6487.0,4558.94,413.0,6431.0,4000.15,438.0,6828.0,4580.54,411.0,6396.0,4181.38,421.0,6558.0,4599.57,424.0,6598.0,4512.78,407.0,6339.0,4324.89,415.0,6461.0,4922.96,415.0,6469.0,4751.69,408.0,6348.0,4429.32,400.0,6233.0,4245.04,411.0,6401.0,4312.18,409.0,6368.0,4568.47,418.0,6513.0,4615.15,429.0,6683.0,4234.22,426.0,6641.0,4513.61,426.0,6642.0,4212.37,420.0,6540.0,5019.26,407.0,6332.0,4250.71,407.0,6338.0,4137.99,406.0,6327.0,4199.76,406.0,6328.0,4440.98,425.0,6620.0,4375.51,418.0,6511.0,4247.8,423.0,6588.0,4304.76,424.0,6611.0,4165.07,434.0,6761.0,4143.5,417.0,6496.0,4198.54,408.0,6347.0,4182.07,407.0,6332.0,4600.18,425.0,6615.0,5009.55,406.0,6327.0,4121.91,435.0,6777.0,4814.95,416.0,6477.0,4137.51,412.0,6413.0,4715.12,417.0,6500.0,4280.0,422.0,6576.0,4707.34,408.0,6349.0,3808.63,414.0,6451.0,4522.34,411.0,6401.0,3712.01,420.0,6551.0,4745.34,412.0,6424.0,3452.17,406.0,6334.0,4983.63,408.0,6352.0,4067.35,421.0,6561.0,4341.67,415.0,6462.0,3801.12,425.0,6624.0,4872.22,412.0,6421.0,4401.95,402.0,6261.0,4318.42,422.0,6578.0,3610.39,415.96,8.74,6479.62,137.45,351.71,30261.51,471398.86
qdd-ifx-linux-MKL-noOMP-noStatic-Debug,4384.0,4381.0,5111.65,4390.0,4386.0,4981.3,4387.0,4383.0,4656.12,4385.0,4381.0,4001.74,4385.0,4381.0,3814.26,4387.0,4383.0,4003.89,4382.0,4378.0,4016.48,4379.0,4376.0,4038.33,4447.0,4444.0,4049.29,4382.0,4380.0,3810.48,4397.0,4393.0,2770.68,4383.0,4379.0,2753.36,4388.0,4384.0,2754.65,4379.0,4376.0,2752.27,4390.0,4387.0,2752.32,4388.0,4385.0,2749.57,4393.0,4389.0,2747.99,4381.0,4377.0,2747.81,4391.0,4388.0,2747.92,4382.0,4378.0,2747.83,4389.0,4385.0,2747.79,4384.0,4380.0,2748.1,4389.0,4387.0,2749.24,4387.0,4384.0,2750.24,4386.0,4383.0,2751.16,4376.0,4372.0,2750.99,4385.0,4382.0,2753.44,4380.0,4376.0,2753.7,4395.0,4391.0,2752.57,4391.0,4388.0,2753.05,4382.0,4379.0,2781.24,4384.0,4381.0,2758.22,4376.0,4374.0,2757.38,4379.0,4375.0,2756.59,4385.0,4382.0,2755.65,4399.0,4395.0,2754.86,4391.0,4387.0,2755.12,4390.0,4387.0,2754.61,4386.0,4382.0,2754.23,4380.0,4376.0,2754.46,4376.0,4373.0,2753.04,4379.0,4375.0,3571.73,4383.0,4379.0,2802.14,4387.0,4383.0,2750.87,4384.0,4380.0,2749.54,4388.0,4385.0,2748.92,4386.0,4383.0,2749.06,4379.0,4376.0,2750.73,4389.0,4385.0,2751.88,4397.0,4393.0,2753.09,4386.84,10.24,4383.34,10.26,640.62,224433.04,224253.98
qdd-ifx-linux-MKL-noOMP-noStatic-noDebug,936.0,933.0,4232.42,929.0,926.0,4247.08,930.0,927.0,4226.52,933.0,930.0,4191.88,940.0,937.0,4040.01,942.0,940.0,3916.68,932.0,929.0,2752.24,940.0,937.0,2749.21,932.0,929.0,2747.74,943.0,940.0,2748.08,923.0,920.0,2753.01,922.0,920.0,2752.82,929.0,926.0,2752.95,931.0,928.0,2753.14,927.0,924.0,2764.46,914.0,911.0,2749.88,924.0,921.0,2748.67,926.0,923.0,2748.58,920.0,917.0,2747.95,928.0,925.0,2746.83,915.0,912.0,2746.48,927.0,924.0,2747.43,927.0,924.0,2748.66,920.0,917.0,2749.91,927.0,925.0,2750.22,925.0,922.0,2751.33,921.0,918.0,2751.28,919.0,916.0,2751.46,928.0,925.0,2750.92,921.0,918.0,2751.01,931.0,928.0,2752.87,931.0,928.0,2754.5,927.0,924.0,2755.72,931.0,928.0,2756.16,930.0,927.0,2754.45,922.0,919.0,2754.83,927.0,925.0,2756.47,932.0,929.0,2755.72,928.0,925.0,2754.13,921.0,918.0,2751.72,922.0,919.0,2751.43,928.0,925.0,2749.84,925.0,923.0,2750.94,922.0,919.0,2750.6,918.0,915.0,2750.98,929.0,926.0,2751.72,919.0,916.0,2751.92,924.0,921.0,2752.89,926.0,923.0,2752.66,930.0,927.0,2755.09,927.08,6.37,924.18,6.4,458.51,45097.34,44956.27
